trade_id,ledger_mode,ticker,stock_name,market,scan_mode,run_id,priority_rank,decision,decision_bucket,recommended_at,base_trade_date,entry_model,entry_reference_price,target_tp_pct,stop_sl_pct,hold_days,exit_day,exit_reason,trade_status,gross_return_pct,net_return_pct,fee_bps,slippage_bps,relative_rank_score,loss_risk_score,relative_rank_model,source_scan_result_id,created_at,data_warnings
RUN-49862268|023160.KQ|2026-03-31|1.0,close_to_close_shadow_v1,023160.KQ,태광,KOSDAQ,SWING,RUN-49862268,1,WATCHLIST_ONLY,watchlist,2026-03-31T09:30:44.210812+00:00,2026-03-31,close_proxy,35000.0,10.0,-10.0,3,3.0,TAKE_PROFIT_CLOSE_PROXY,CLOSED,10.0,10.0,0.0,0.0,,,,29120,2026-05-12T15:17:10.267459+00:00,['MISSING_RELATIVE_RANK_MODEL']
RUN-45B1BB3D|037230.KQ|2026-04-01|3.0,close_to_close_shadow_v1,037230.KQ,한국팩키지,KOSDAQ,SWING,RUN-45B1BB3D,3,WATCHLIST_ONLY,watchlist,2026-03-31T22:57:08.918837+00:00,2026-04-01,close_proxy,2655.0,10.0,-10.0,3,3.0,TIME_EXIT,CLOSED,-3.013183,-3.013183,0.0,0.0,,,,26653,2026-05-12T15:17:10.267479+00:00,['MISSING_RELATIVE_RANK_MODEL']
RUN-45B1BB3D|052020.KQ|2026-04-01|5.0,close_to_close_shadow_v1,052020.KQ,에스티큐브,KOSDAQ,SWING,RUN-45B1BB3D,5,WATCHLIST_ONLY,watchlist,2026-03-31T22:57:08.918837+00:00,2026-04-01,close_proxy,17400.0,10.0,-10.0,3,3.0,STOP_LOSS_CLOSE_PROXY,CLOSED,-10.0,-10.0,0.0,0.0,,,,51505,2026-05-12T15:17:10.267491+00:00,['MISSING_RELATIVE_RANK_MODEL']
RUN-C350332F|095340.KQ|2026-04-01|5.0,close_to_close_shadow_v1,095340.KQ,ISC,KOSDAQ,SWING,RUN-C350332F,5,PRIORITY_WATCHLIST,picked,2026-04-01T13:36:51.851665+00:00,2026-04-01,close_proxy,264000.0,10.0,-10.0,3,1.0,STOP_LOSS_CLOSE_PROXY,CLOSED,-10.0,-10.0,0.0,0.0,,,,697,2026-05-12T15:17:10.267502+00:00,['MISSING_RELATIVE_RANK_MODEL']
RUN-5E363C3F|289080.KQ|2026-04-01|5.0,close_to_close_shadow_v1,289080.KQ,SV인베스트먼트,KOSDAQ,SWING,RUN-5E363C3F,5,WATCHLIST_ONLY,watchlist,2026-03-31T15:29:05.349439+00:00,2026-04-01,close_proxy,4130.0,10.0,-10.0,3,3.0,STOP_LOSS_CLOSE_PROXY,CLOSED,-10.0,-10.0,0.0,0.0,,,,74,2026-05-12T15:17:10.267513+00:00,['MISSING_RELATIVE_RANK_MODEL']
RUN-B7CD42B3|052710.KQ|2026-04-02|1.0,close_to_close_shadow_v1,052710.KQ,아모텍,KOSDAQ,SWING,RUN-B7CD42B3,1,PRIORITY_WATCHLIST,picked,2026-04-01T16:03:31.246076+00:00,2026-04-02,close_proxy,14950.0,10.0,-10.0,3,3.0,TIME_EXIT,CLOSED,0.668896,0.668896,0.0,0.0,,,,40711,2026-05-12T15:17:10.267524+00:00,['MISSING_RELATIVE_RANK_MODEL']
RUN-85AC94CD|052710.KQ|2026-04-02|1.0,close_to_close_shadow_v1,052710.KQ,아모텍,KOSDAQ,SWING,RUN-85AC94CD,1,PRIORITY_WATCHLIST,picked,2026-04-02T13:37:25.893301+00:00,2026-04-02,close_proxy,14950.0,10.0,-10.0,3,3.0,TIME_EXIT,CLOSED,0.668896,0.668896,0.0,0.0,,,,33118,2026-05-12T15:17:10.267535+00:00,['MISSING_RELATIVE_RANK_MODEL']
RUN-BA1AEBE2|247540.KQ|2026-04-02|1.0,close_to_close_shadow_v1,247540.KQ,에코프로비엠,KOSDAQ,SWING,RUN-BA1AEBE2,1,WATCHLIST_ONLY,watchlist,2026-04-01T16:05:52.244865+00:00,2026-04-02,close_proxy,196900.0,10.0,-10.0,3,3.0,TIME_EXIT,CLOSED,2.336211,2.336211,0.0,0.0,,,,1679,2026-05-12T15:17:10.267546+00:00,['MISSING_RELATIVE_RANK_MODEL']
RUN-1405A2AF|950160.KQ|2026-04-02|1.0,close_to_close_shadow_v1,950160.KQ,코오롱티슈진,KOSDAQ,SWING,RUN-1405A2AF,1,WATCHLIST_ONLY,watchlist,2026-04-01T16:03:30.672918+00:00,2026-04-02,close_proxy,100100.0,10.0,-10.0,3,3.0,TIME_EXIT,CLOSED,-1.298701,-1.298701,0.0,0.0,,,,2342,2026-05-12T15:17:10.267556+00:00,['MISSING_RELATIVE_RANK_MODEL']
RUN-BA1AEBE2|086520.KQ|2026-04-02|2.0,close_to_close_shadow_v1,086520.KQ,에코프로,KOSDAQ,SWING,RUN-BA1AEBE2,2,WATCHLIST_ONLY,watchlist,2026-04-01T16:05:52.244865+00:00,2026-04-02,close_proxy,142400.0,10.0,-10.0,3,3.0,TIME_EXIT,CLOSED,1.685393,1.685393,0.0,0.0,,,,26691,2026-05-12T15:17:10.267567+00:00,['MISSING_RELATIVE_RANK_MODEL']
RUN-85AC94CD|289080.KQ|2026-04-02|2.0,close_to_close_shadow_v1,289080.KQ,SV인베스트먼트,KOSDAQ,SWING,RUN-85AC94CD,2,EXCEPTION_LEADER,exception_leader,2026-04-02T13:37:25.893301+00:00,2026-04-02,close_proxy,3730.0,10.0,-10.0,3,3.0,TIME_EXIT,CLOSED,-3.887399,-3.887399,0.0,0.0,,,,75082,2026-05-12T15:17:10.267580+00:00,['MISSING_RELATIVE_RANK_MODEL']
RUN-7E2D1A37|319660.KQ|2026-04-02|2.0,close_to_close_shadow_v1,319660.KQ,피에스케이,KOSDAQ,SWING,RUN-7E2D1A37,2,PRIORITY_WATCHLIST,picked,2026-04-01T15:40:36.247992+00:00,2026-04-02,close_proxy,81200.0,10.0,-10.0,3,3.0,TIME_EXIT,CLOSED,-4.310345,-4.310345,0.0,0.0,,,,699,2026-05-12T15:17:10.267591+00:00,['MISSING_RELATIVE_RANK_MODEL']
RUN-6E256CC6|420770.KQ|2026-04-02|2.0,close_to_close_shadow_v1,420770.KQ,기가비스,KOSDAQ,SWING,RUN-6E256CC6,2,PRIORITY_WATCHLIST,picked,2026-04-01T15:19:21.305576+00:00,2026-04-02,close_proxy,86200.0,10.0,-10.0,3,3.0,TIME_EXIT,CLOSED,-8.932715,-8.932715,0.0,0.0,,,,30424,2026-05-12T15:17:10.267602+00:00,['MISSING_RELATIVE_RANK_MODEL']
RUN-BA1AEBE2|000250.KQ|2026-04-02|3.0,close_to_close_shadow_v1,000250.KQ,삼천당제약,KOSDAQ,SWING,RUN-BA1AEBE2,3,WATCHLIST_ONLY,watchlist,2026-04-01T16:05:52.244865+00:00,2026-04-02,close_proxy,609000.0,10.0,-10.0,3,3.0,STOP_LOSS_CLOSE_PROXY,CLOSED,-10.0,-10.0,0.0,0.0,,,,59646,2026-05-12T15:17:10.267613+00:00,['MISSING_RELATIVE_RANK_MODEL']
RUN-7E2D1A37|069540.KQ|2026-04-02|3.0,close_to_close_shadow_v1,069540.KQ,빛과전자,KOSDAQ,SWING,RUN-7E2D1A37,3,PRIORITY_WATCHLIST,picked,2026-04-01T15:40:36.247992+00:00,2026-04-02,close_proxy,3185.0,10.0,-10.0,3,3.0,TIME_EXIT,CLOSED,-0.627943,-0.627943,0.0,0.0,,,,713,2026-05-12T15:17:10.267623+00:00,['MISSING_RELATIVE_RANK_MODEL']
RUN-1405A2AF|141080.KQ|2026-04-02|3.0,close_to_close_shadow_v1,141080.KQ,리가켐바이오,KOSDAQ,SWING,RUN-1405A2AF,3,WATCHLIST_ONLY,watchlist,2026-04-01T16:03:30.672918+00:00,2026-04-02,close_proxy,181400.0,10.0,-10.0,3,3.0,TIME_EXIT,CLOSED,-6.119074,-6.119074,0.0,0.0,,,,2344,2026-05-12T15:17:10.267634+00:00,['MISSING_RELATIVE_RANK_MODEL']
RUN-85AC94CD|241520.KQ|2026-04-02|3.0,close_to_close_shadow_v1,241520.KQ,DSC인베스트먼트,KOSDAQ,SWING,RUN-85AC94CD,3,EXCEPTION_LEADER,exception_leader,2026-04-02T13:37:25.893301+00:00,2026-04-02,close_proxy,12970.0,10.0,-10.0,3,3.0,TIME_EXIT,CLOSED,-1.850424,-1.850424,0.0,0.0,,,,75083,2026-05-12T15:17:10.267644+00:00,['MISSING_RELATIVE_RANK_MODEL']
RUN-85AC94CD|100790.KQ|2026-04-02|4.0,close_to_close_shadow_v1,100790.KQ,미래에셋벤처투자,KOSDAQ,SWING,RUN-85AC94CD,4,EXCEPTION_LEADER,exception_leader,2026-04-02T13:37:25.893301+00:00,2026-04-02,close_proxy,25750.0,10.0,-10.0,3,3.0,TIME_EXIT,CLOSED,3.495146,3.495146,0.0,0.0,,,,75084,2026-05-12T15:17:10.267654+00:00,['MISSING_RELATIVE_RANK_MODEL']
RUN-BA1AEBE2|277810.KQ|2026-04-02|4.0,close_to_close_shadow_v1,277810.KQ,레인보우로보틱스,KOSDAQ,SWING,RUN-BA1AEBE2,4,WATCHLIST_ONLY,watchlist,2026-04-01T16:05:52.244865+00:00,2026-04-02,close_proxy,543000.0,10.0,-10.0,3,3.0,TIME_EXIT,CLOSED,0.368324,0.368324,0.0,0.0,,,,40716,2026-05-12T15:17:10.267663+00:00,['MISSING_RELATIVE_RANK_MODEL']
RUN-1405A2AF|028300.KQ|2026-04-02|5.0,close_to_close_shadow_v1,028300.KQ,HLB,KOSDAQ,SWING,RUN-1405A2AF,5,WATCHLIST_ONLY,watchlist,2026-04-01T16:03:30.672918+00:00,2026-04-02,close_proxy,51000.0,10.0,-10.0,3,3.0,TIME_EXIT,CLOSED,2.352941,2.352941,0.0,0.0,,,,2346,2026-05-12T15:17:10.267673+00:00,['MISSING_RELATIVE_RANK_MODEL']
RUN-54C2D93D|058470.KQ|2026-04-02|5.0,close_to_close_shadow_v1,058470.KQ,리노공업,KOSDAQ,SWING,RUN-54C2D93D,5,EXCEPTION_LEADER,exception_leader,2026-04-01T16:22:07.326399+00:00,2026-04-02,close_proxy,99100.0,10.0,-10.0,3,1.0,TAKE_PROFIT_CLOSE_PROXY,CLOSED,10.0,10.0,0.0,0.0,,,,41884,2026-05-12T15:17:10.267682+00:00,['MISSING_RELATIVE_RANK_MODEL']
RUN-85AC94CD|170920.KQ|2026-04-02|5.0,close_to_close_shadow_v1,170920.KQ,엘티씨,KOSDAQ,SWING,RUN-85AC94CD,5,EXCEPTION_LEADER,exception_leader,2026-04-02T13:37:25.893301+00:00,2026-04-02,close_proxy,30000.0,10.0,-10.0,3,3.0,TIME_EXIT,CLOSED,-8.5,-8.5,0.0,0.0,,,,75085,2026-05-12T15:17:10.267692+00:00,['MISSING_RELATIVE_RANK_MODEL']
RUN-83ADC7AC|019210.KQ|2026-04-03|1.0,close_to_close_shadow_v1,019210.KQ,와이지-원,KOSDAQ,SWING,RUN-83ADC7AC,1,PRIORITY_WATCHLIST,picked,2026-04-03T01:22:21.365355+00:00,2026-04-03,close_proxy,14300.0,10.0,-10.0,3,2.0,STOP_LOSS_CLOSE_PROXY,CLOSED,-10.0,-10.0,0.0,0.0,,,,42026,2026-05-12T15:17:10.267703+00:00,['MISSING_RELATIVE_RANK_MODEL']
RUN-83ADC7AC|000250.KQ|2026-04-03|2.0,close_to_close_shadow_v1,000250.KQ,삼천당제약,KOSDAQ,SWING,RUN-83ADC7AC,2,EXCEPTION_LEADER,exception_leader,2026-04-03T01:22:21.365355+00:00,2026-04-03,close_proxy,648000.0,10.0,-10.0,3,2.0,STOP_LOSS_CLOSE_PROXY,CLOSED,-10.0,-10.0,0.0,0.0,,,,75075,2026-05-12T15:17:10.267713+00:00,['MISSING_RELATIVE_RANK_MODEL']
RUN-83ADC7AC|086520.KQ|2026-04-03|3.0,close_to_close_shadow_v1,086520.KQ,에코프로,KOSDAQ,SWING,RUN-83ADC7AC,3,EXCEPTION_LEADER,exception_leader,2026-04-03T01:22:21.365355+00:00,2026-04-03,close_proxy,141500.0,10.0,-10.0,3,3.0,TIME_EXIT,CLOSED,8.19788,8.19788,0.0,0.0,,,,75076,2026-05-12T15:17:10.267722+00:00,['MISSING_RELATIVE_RANK_MODEL']
RUN-83ADC7AC|277810.KQ|2026-04-03|4.0,close_to_close_shadow_v1,277810.KQ,레인보우로보틱스,KOSDAQ,SWING,RUN-83ADC7AC,4,EXCEPTION_LEADER,exception_leader,2026-04-03T01:22:21.365355+00:00,2026-04-03,close_proxy,540000.0,10.0,-10.0,3,3.0,TAKE_PROFIT_CLOSE_PROXY,CLOSED,10.0,10.0,0.0,0.0,,,,75077,2026-05-12T15:17:10.267732+00:00,['MISSING_RELATIVE_RANK_MODEL']
RUN-83ADC7AC|058470.KQ|2026-04-03|5.0,close_to_close_shadow_v1,058470.KQ,리노공업,KOSDAQ,SWING,RUN-83ADC7AC,5,EXCEPTION_LEADER,exception_leader,2026-04-03T01:22:21.365355+00:00,2026-04-03,close_proxy,110400.0,10.0,-10.0,3,3.0,TIME_EXIT,CLOSED,5.797101,5.797101,0.0,0.0,,,,75078,2026-05-12T15:17:10.267741+00:00,['MISSING_RELATIVE_RANK_MODEL']
RUN-ADBD4E33|019210.KQ|2026-04-06|1.0,close_to_close_shadow_v1,019210.KQ,와이지-원,KOSDAQ,SWING,RUN-ADBD4E33,1,WATCHLIST,watchlist,2026-04-06T13:07:07.444766+00:00,2026-04-06,close_proxy,14180.0,10.0,-10.0,3,1.0,STOP_LOSS_CLOSE_PROXY,CLOSED,-10.0,-10.0,0.0,0.0,,,,39225,2026-05-12T15:17:10.267751+00:00,['MISSING_RELATIVE_RANK_MODEL']
RUN-A0BC4217|065450.KQ|2026-04-06|1.0,close_to_close_shadow_v1,065450.KQ,빅텍,KOSDAQ,SWING,RUN-A0BC4217,1,PRIORITY_WATCHLIST,picked,2026-04-05T16:34:34.399374+00:00,2026-04-06,close_proxy,5560.0,10.0,-10.0,3,2.0,STOP_LOSS_CLOSE_PROXY,CLOSED,-10.0,-10.0,0.0,0.0,,,,15330,2026-05-12T15:17:10.267760+00:00,['MISSING_RELATIVE_RANK_MODEL']
RUN-8F08BDD1|297090.KQ|2026-04-06|2.0,close_to_close_shadow_v1,297090.KQ,씨에스베어링,KOSDAQ,SWING,RUN-8F08BDD1,2,PRIORITY_WATCHLIST,picked,2026-04-05T16:43:06.528573+00:00,2026-04-06,close_proxy,8330.0,10.0,-10.0,3,3.0,TIME_EXIT,CLOSED,-7.442977,-7.442977,0.0,0.0,,,,13245,2026-05-12T15:17:10.267770+00:00,['MISSING_RELATIVE_RANK_MODEL']
RUN-ADBD4E33|357580.KQ|2026-04-06|2.0,close_to_close_shadow_v1,357580.KQ,아모센스,KOSDAQ,SWING,RUN-ADBD4E33,2,EXCEPTION_LEADER,exception_leader,2026-04-06T13:07:07.444766+00:00,2026-04-06,close_proxy,16980.0,10.0,-10.0,3,1.0,STOP_LOSS_CLOSE_PROXY,CLOSED,-10.0,-10.0,0.0,0.0,,,,75206,2026-05-12T15:17:10.267779+00:00,['MISSING_RELATIVE_RANK_MODEL']
RUN-A0BC4217|420770.KQ|2026-04-06|2.0,close_to_close_shadow_v1,420770.KQ,기가비스,KOSDAQ,SWING,RUN-A0BC4217,2,WATCHLIST,watchlist,2026-04-05T16:34:34.399374+00:00,2026-04-06,close_proxy,80700.0,10.0,-10.0,3,3.0,TIME_EXIT,CLOSED,0.0,0.0,0.0,0.0,,,,40980,2026-05-12T15:17:10.267789+00:00,['MISSING_RELATIVE_RANK_MODEL']
RUN-ADBD4E33|000250.KQ|2026-04-06|3.0,close_to_close_shadow_v1,000250.KQ,삼천당제약,KOSDAQ,SWING,RUN-ADBD4E33,3,EXCEPTION_LEADER,exception_leader,2026-04-06T13:07:07.444766+00:00,2026-04-06,close_proxy,618000.0,10.0,-10.0,3,1.0,STOP_LOSS_CLOSE_PROXY,CLOSED,-10.0,-10.0,0.0,0.0,,,,75207,2026-05-12T15:17:10.267799+00:00,['MISSING_RELATIVE_RANK_MODEL']
RUN-A0BC4217|127120.KQ|2026-04-06|3.0,close_to_close_shadow_v1,127120.KQ,제이에스링크,KOSDAQ,SWING,RUN-A0BC4217,3,WATCHLIST,watchlist,2026-04-05T16:34:34.399374+00:00,2026-04-06,close_proxy,40500.0,10.0,-10.0,3,3.0,TIME_EXIT,CLOSED,1.234568,1.234568,0.0,0.0,,,,15332,2026-05-12T15:17:10.267808+00:00,['MISSING_RELATIVE_RANK_MODEL']
RUN-A0BC4217|058470.KQ|2026-04-06|4.0,close_to_close_shadow_v1,058470.KQ,리노공업,KOSDAQ,SWING,RUN-A0BC4217,4,EXCEPTION_LEADER,exception_leader,2026-04-05T16:34:34.399374+00:00,2026-04-06,close_proxy,105500.0,10.0,-10.0,3,2.0,TAKE_PROFIT_CLOSE_PROXY,CLOSED,10.0,10.0,0.0,0.0,,,,71407,2026-05-12T15:17:10.267820+00:00,['MISSING_RELATIVE_RANK_MODEL']
RUN-ADBD4E33|058470.KQ|2026-04-06|4.0,close_to_close_shadow_v1,058470.KQ,리노공업,KOSDAQ,SWING,RUN-ADBD4E33,4,EXCEPTION_LEADER,exception_leader,2026-04-06T13:07:07.444766+00:00,2026-04-06,close_proxy,105500.0,10.0,-10.0,3,2.0,TAKE_PROFIT_CLOSE_PROXY,CLOSED,10.0,10.0,0.0,0.0,,,,75208,2026-05-12T15:17:10.267830+00:00,['MISSING_RELATIVE_RANK_MODEL']
RUN-A0BC4217|000250.KQ|2026-04-06|5.0,close_to_close_shadow_v1,000250.KQ,삼천당제약,KOSDAQ,SWING,RUN-A0BC4217,5,EXCEPTION_LEADER,exception_leader,2026-04-05T16:34:34.399374+00:00,2026-04-06,close_proxy,618000.0,10.0,-10.0,3,1.0,STOP_LOSS_CLOSE_PROXY,CLOSED,-10.0,-10.0,0.0,0.0,,,,71408,2026-05-12T15:17:10.267841+00:00,['MISSING_RELATIVE_RANK_MODEL']
RUN-ADBD4E33|086520.KQ|2026-04-06|5.0,close_to_close_shadow_v1,086520.KQ,에코프로,KOSDAQ,SWING,RUN-ADBD4E33,5,EXCEPTION_LEADER,exception_leader,2026-04-06T13:07:07.444766+00:00,2026-04-06,close_proxy,143000.0,10.0,-10.0,3,3.0,TIME_EXIT,CLOSED,4.125874,4.125874,0.0,0.0,,,,75209,2026-05-12T15:17:10.267851+00:00,['MISSING_RELATIVE_RANK_MODEL']
RUN-95944B60|247540.KQ|2026-04-07|1.0,close_to_close_shadow_v1,247540.KQ,에코프로비엠,KOSDAQ,SWING,RUN-95944B60,1,WATCHLIST_ONLY,watchlist,2026-04-07T13:58:14.280912+00:00,2026-04-07,close_proxy,201500.0,10.0,-10.0,3,3.0,TIME_EXIT,CLOSED,0.0,0.0,0.0,0.0,,,,16138,2026-05-12T15:17:10.267861+00:00,['MISSING_RELATIVE_RANK_MODEL']
RUN-916060DD|393890.KQ|2026-04-07|1.0,close_to_close_shadow_v1,393890.KQ,더블유씨피,KOSDAQ,SWING,RUN-916060DD,1,WATCHLIST_ONLY,watchlist,2026-04-07T11:59:45.141986+00:00,2026-04-07,close_proxy,15640.0,10.0,-10.0,3,3.0,TIME_EXIT,CLOSED,7.544757,7.544757,0.0,0.0,,,,75851,2026-05-12T15:17:10.267872+00:00,['MISSING_RELATIVE_RANK_MODEL']
RUN-95944B60|000250.KQ|2026-04-07|2.0,close_to_close_shadow_v1,000250.KQ,삼천당제약,KOSDAQ,SWING,RUN-95944B60,2,EXCEPTION_LEADER,exception_leader,2026-04-07T13:58:14.280912+00:00,2026-04-07,close_proxy,519000.0,10.0,-10.0,3,3.0,TIME_EXIT,CLOSED,-2.697495,-2.697495,0.0,0.0,,,,75104,2026-05-12T15:17:10.267882+00:00,['MISSING_RELATIVE_RANK_MODEL']
RUN-916060DD|019210.KQ|2026-04-07|2.0,close_to_close_shadow_v1,019210.KQ,와이지-원,KOSDAQ,SWING,RUN-916060DD,2,WATCHLIST_ONLY,watchlist,2026-04-07T11:59:45.141986+00:00,2026-04-07,close_proxy,12680.0,10.0,-10.0,3,3.0,TIME_EXIT,CLOSED,3.312303,3.312303,0.0,0.0,,,,18878,2026-05-12T15:17:10.267893+00:00,['MISSING_RELATIVE_RANK_MODEL']
RUN-916060DD|050890.KQ|2026-04-07|3.0,close_to_close_shadow_v1,050890.KQ,쏠리드,KOSDAQ,SWING,RUN-916060DD,3,WATCHLIST_ONLY,watchlist,2026-04-07T11:59:45.141986+00:00,2026-04-07,close_proxy,14420.0,10.0,-10.0,3,3.0,TAKE_PROFIT_CLOSE_PROXY,CLOSED,10.0,10.0,0.0,0.0,,,,75854,2026-05-12T15:17:10.267903+00:00,['MISSING_RELATIVE_RANK_MODEL']
RUN-95944B60|086520.KQ|2026-04-07|3.0,close_to_close_shadow_v1,086520.KQ,에코프로,KOSDAQ,SWING,RUN-95944B60,3,EXCEPTION_LEADER,exception_leader,2026-04-07T13:58:14.280912+00:00,2026-04-07,close_proxy,144800.0,10.0,-10.0,3,3.0,TIME_EXIT,CLOSED,1.104972,1.104972,0.0,0.0,,,,75105,2026-05-12T15:17:10.267913+00:00,['MISSING_RELATIVE_RANK_MODEL']
RUN-916060DD|052710.KQ|2026-04-07|4.0,close_to_close_shadow_v1,052710.KQ,아모텍,KOSDAQ,SWING,RUN-916060DD,4,WATCHLIST_ONLY,watchlist,2026-04-07T11:59:45.141986+00:00,2026-04-07,close_proxy,15050.0,10.0,-10.0,3,3.0,TAKE_PROFIT_CLOSE_PROXY,CLOSED,10.0,10.0,0.0,0.0,,,,75855,2026-05-12T15:17:10.267924+00:00,['MISSING_RELATIVE_RANK_MODEL']
RUN-95944B60|277810.KQ|2026-04-07|4.0,close_to_close_shadow_v1,277810.KQ,레인보우로보틱스,KOSDAQ,SWING,RUN-95944B60,4,EXCEPTION_LEADER,exception_leader,2026-04-07T13:58:14.280912+00:00,2026-04-07,close_proxy,545000.0,10.0,-10.0,3,1.0,TAKE_PROFIT_CLOSE_PROXY,CLOSED,10.0,10.0,0.0,0.0,,,,75106,2026-05-12T15:17:10.267934+00:00,['MISSING_RELATIVE_RANK_MODEL']
RUN-916060DD|058470.KQ|2026-04-07|5.0,close_to_close_shadow_v1,058470.KQ,리노공업,KOSDAQ,SWING,RUN-916060DD,5,WATCHLIST_ONLY,watchlist,2026-04-07T11:59:45.141986+00:00,2026-04-07,close_proxy,109700.0,10.0,-10.0,3,3.0,TIME_EXIT,CLOSED,1.914312,1.914312,0.0,0.0,,,,75102,2026-05-12T15:17:10.267946+00:00,['MISSING_RELATIVE_RANK_MODEL']
RUN-DA61154F|091580.KQ|2026-04-08|1.0,close_to_close_shadow_v1,091580.KQ,상신이디피,KOSDAQ,SWING,RUN-DA61154F,1,WATCHLIST_ONLY,watchlist,2026-04-08T06:06:30.729982+00:00,2026-04-08,close_proxy,22300.0,10.0,-10.0,3,3.0,TIME_EXIT,CLOSED,-4.484305,-4.484305,0.0,0.0,,,,41811,2026-05-12T15:17:10.267956+00:00,['MISSING_RELATIVE_RANK_MODEL']
RUN-DA61154F|319400.KQ|2026-04-08|2.0,close_to_close_shadow_v1,319400.KQ,현대무벡스,KOSDAQ,SWING,RUN-DA61154F,2,WATCHLIST_ONLY,watchlist,2026-04-08T06:06:30.729982+00:00,2026-04-08,close_proxy,29200.0,10.0,-10.0,3,3.0,TIME_EXIT,CLOSED,4.280822,4.280822,0.0,0.0,,,,75415,2026-05-12T15:17:10.267967+00:00,['MISSING_RELATIVE_RANK_MODEL']
RUN-DA61154F|033160.KQ|2026-04-08|3.0,close_to_close_shadow_v1,033160.KQ,엠케이전자,KOSDAQ,SWING,RUN-DA61154F,3,WATCHLIST_ONLY,watchlist,2026-04-08T06:06:30.729982+00:00,2026-04-08,close_proxy,20600.0,10.0,-10.0,3,3.0,TIME_EXIT,CLOSED,-5.873786,-5.873786,0.0,0.0,,,,75416,2026-05-12T15:17:10.267977+00:00,['MISSING_RELATIVE_RANK_MODEL']
RUN-DA61154F|058470.KQ|2026-04-08|4.0,close_to_close_shadow_v1,058470.KQ,리노공업,KOSDAQ,SWING,RUN-DA61154F,4,WATCHLIST_ONLY,watchlist,2026-04-08T06:06:30.729982+00:00,2026-04-08,close_proxy,116800.0,10.0,-10.0,3,3.0,TIME_EXIT,CLOSED,-2.910959,-2.910959,0.0,0.0,,,,40644,2026-05-12T15:17:10.267988+00:00,['MISSING_RELATIVE_RANK_MODEL']
RUN-DA61154F|095340.KQ|2026-04-08|5.0,close_to_close_shadow_v1,095340.KQ,ISC,KOSDAQ,SWING,RUN-DA61154F,5,WATCHLIST_ONLY,watchlist,2026-04-08T06:06:30.729982+00:00,2026-04-08,close_proxy,257000.0,10.0,-10.0,3,3.0,STOP_LOSS_CLOSE_PROXY,CLOSED,-10.0,-10.0,0.0,0.0,,,,24092,2026-05-12T15:17:10.267998+00:00,['MISSING_RELATIVE_RANK_MODEL']
RUN-B59056DC|039030.KQ|2026-04-09|1.0,close_to_close_shadow_v1,039030.KQ,이오테크닉스,KOSDAQ,SWING,RUN-B59056DC,1,WATCHLIST_ONLY,watchlist,2026-04-09T10:09:29.492537+00:00,2026-04-09,close_proxy,426500.0,10.0,-10.0,3,2.0,TAKE_PROFIT_CLOSE_PROXY,CLOSED,10.0,10.0,0.0,0.0,,,,22815,2026-05-12T15:17:10.268008+00:00,['MISSING_RELATIVE_RANK_MODEL']
RUN-4BC95662|086520.KQ|2026-04-09|2.0,close_to_close_shadow_v1,086520.KQ,에코프로,KOSDAQ,SWING,RUN-4BC95662,2,WATCHLIST_ONLY,watchlist,2026-04-09T08:02:39.167289+00:00,2026-04-09,close_proxy,148900.0,10.0,-10.0,3,3.0,TIME_EXIT,CLOSED,-3.156481,-3.156481,0.0,0.0,,,,19624,2026-05-12T15:17:10.268019+00:00,['MISSING_RELATIVE_RANK_MODEL']
RUN-B59056DC|263750.KQ|2026-04-09|2.0,close_to_close_shadow_v1,263750.KQ,펄어비스,KOSDAQ,SWING,RUN-B59056DC,2,WATCHLIST_ONLY,watchlist,2026-04-09T10:09:29.492537+00:00,2026-04-09,close_proxy,56500.0,10.0,-10.0,3,3.0,TIME_EXIT,CLOSED,2.477876,2.477876,0.0,0.0,,,,22818,2026-05-12T15:17:10.268029+00:00,['MISSING_RELATIVE_RANK_MODEL']
RUN-4328396B|420770.KQ|2026-04-09|2.0,close_to_close_shadow_v1,420770.KQ,기가비스,KOSDAQ,SWING,RUN-4328396B,2,WATCHLIST,watchlist,2026-04-08T16:02:27.950677+00:00,2026-04-09,close_proxy,80700.0,10.0,-10.0,3,2.0,TAKE_PROFIT_CLOSE_PROXY,CLOSED,10.0,10.0,0.0,0.0,,,,29088,2026-05-12T15:17:10.268040+00:00,['MISSING_RELATIVE_RANK_MODEL']
RUN-B59056DC|032820.KQ|2026-04-09|3.0,close_to_close_shadow_v1,032820.KQ,우리기술,KOSDAQ,SWING,RUN-B59056DC,3,WATCHLIST_ONLY,watchlist,2026-04-09T10:09:29.492537+00:00,2026-04-09,close_proxy,21950.0,10.0,-10.0,3,3.0,TIME_EXIT,CLOSED,-4.328018,-4.328018,0.0,0.0,,,,22819,2026-05-12T15:17:10.268050+00:00,['MISSING_RELATIVE_RANK_MODEL']
RUN-1225D15A|285800.KQ|2026-04-09|3.0,close_to_close_shadow_v1,285800.KQ,진영,KOSDAQ,SWING,RUN-1225D15A,3,WATCHLIST_ONLY,watchlist,2026-04-09T07:30:17.738934+00:00,2026-04-09,close_proxy,2055.0,10.0,-10.0,3,2.0,TAKE_PROFIT_CLOSE_PROXY,CLOSED,10.0,10.0,0.0,0.0,,,,71428,2026-05-12T15:17:10.268060+00:00,['MISSING_RELATIVE_RANK_MODEL']
RUN-1225D15A|319400.KQ|2026-04-09|4.0,close_to_close_shadow_v1,319400.KQ,현대무벡스,KOSDAQ,SWING,RUN-1225D15A,4,WATCHLIST_ONLY,watchlist,2026-04-09T07:30:17.738934+00:00,2026-04-09,close_proxy,30100.0,10.0,-10.0,3,3.0,TIME_EXIT,CLOSED,1.162791,1.162791,0.0,0.0,,,,71429,2026-05-12T15:17:10.268072+00:00,['MISSING_RELATIVE_RANK_MODEL']
RUN-993E52AE|234340.KQ|2026-04-09|5.0,close_to_close_shadow_v1,234340.KQ,헥토파이낸셜,KOSDAQ,SWING,RUN-993E52AE,5,EXCEPTION_LEADER,exception_leader,2026-04-09T10:42:55.59711+00:00,2026-04-09,close_proxy,25900.0,10.0,-10.0,3,3.0,TIME_EXIT,CLOSED,9.459459,9.459459,0.0,0.0,,,,75169,2026-05-12T15:17:10.268083+00:00,['MISSING_RELATIVE_RANK_MODEL']
RUN-1225D15A|356860.KQ|2026-04-09|5.0,close_to_close_shadow_v1,356860.KQ,티엘비,KOSDAQ,SWING,RUN-1225D15A,5,WATCHLIST_ONLY,watchlist,2026-04-09T07:30:17.738934+00:00,2026-04-09,close_proxy,80000.0,10.0,-10.0,3,3.0,TIME_EXIT,CLOSED,-0.25,-0.25,0.0,0.0,,,,71430,2026-05-12T15:17:10.268093+00:00,['MISSING_RELATIVE_RANK_MODEL']
RUN-C2B54E57|028300.KQ|2026-04-10|1.0,close_to_close_shadow_v1,028300.KQ,HLB,KOSDAQ,SWING,RUN-C2B54E57,1,WATCHLIST_ONLY,watchlist,2026-04-09T15:56:39.328982+00:00,2026-04-10,close_proxy,56800.0,10.0,-10.0,3,2.0,TAKE_PROFIT_CLOSE_PROXY,CLOSED,10.0,10.0,0.0,0.0,,,,22817,2026-05-12T15:17:10.268104+00:00,['MISSING_RELATIVE_RANK_MODEL']
RUN-15E858C7|247540.KQ|2026-04-10|1.0,close_to_close_shadow_v1,247540.KQ,에코프로비엠,KOSDAQ,SWING,RUN-15E858C7,1,WATCHLIST_ONLY,watchlist,2026-04-09T16:57:02.319457+00:00,2026-04-10,close_proxy,201500.0,10.0,-10.0,3,3.0,TIME_EXIT,CLOSED,0.496278,0.496278,0.0,0.0,,,,22833,2026-05-12T15:17:10.268114+00:00,['MISSING_RELATIVE_RANK_MODEL']
RUN-C2B54E57|058470.KQ|2026-04-10|2.0,close_to_close_shadow_v1,058470.KQ,리노공업,KOSDAQ,SWING,RUN-C2B54E57,2,WATCHLIST_ONLY,watchlist,2026-04-09T15:56:39.328982+00:00,2026-04-10,close_proxy,111800.0,10.0,-10.0,3,3.0,TIME_EXIT,CLOSED,0.894454,0.894454,0.0,0.0,,,,22820,2026-05-12T15:17:10.268125+00:00,['MISSING_RELATIVE_RANK_MODEL']
RUN-BBD4B605|058470.KQ|2026-04-10|3.0,close_to_close_shadow_v1,058470.KQ,리노공업,KOSDAQ,SWING,RUN-BBD4B605,3,EXCEPTION_LEADER,exception_leader,2026-04-10T02:47:13.42319+00:00,2026-04-10,close_proxy,111800.0,10.0,-10.0,3,3.0,TIME_EXIT,CLOSED,0.894454,0.894454,0.0,0.0,,,,74994,2026-05-12T15:17:10.268136+00:00,['MISSING_RELATIVE_RANK_MODEL']
RUN-C2AFCEF6|100790.KQ|2026-04-10|3.0,close_to_close_shadow_v1,100790.KQ,미래에셋벤처투자,KOSDAQ,SWING,RUN-C2AFCEF6,3,EXCEPTION_LEADER,exception_leader,2026-04-09T17:17:33.622155+00:00,2026-04-10,close_proxy,27950.0,10.0,-10.0,3,2.0,TAKE_PROFIT_CLOSE_PROXY,CLOSED,10.0,10.0,0.0,0.0,,,,75388,2026-05-12T15:17:10.268146+00:00,['MISSING_RELATIVE_RANK_MODEL']
RUN-BBD4B605|086520.KQ|2026-04-10|4.0,close_to_close_shadow_v1,086520.KQ,에코프로,KOSDAQ,SWING,RUN-BBD4B605,4,EXCEPTION_LEADER,exception_leader,2026-04-10T02:47:13.42319+00:00,2026-04-10,close_proxy,146400.0,10.0,-10.0,3,3.0,TIME_EXIT,CLOSED,1.02459,1.02459,0.0,0.0,,,,74995,2026-05-12T15:17:10.268155+00:00,['MISSING_RELATIVE_RANK_MODEL']
RUN-C2AFCEF6|241520.KQ|2026-04-10|4.0,close_to_close_shadow_v1,241520.KQ,DSC인베스트먼트,KOSDAQ,SWING,RUN-C2AFCEF6,4,EXCEPTION_LEADER,exception_leader,2026-04-09T17:17:33.622155+00:00,2026-04-10,close_proxy,14140.0,10.0,-10.0,3,3.0,TIME_EXIT,CLOSED,4.031117,4.031117,0.0,0.0,,,,75389,2026-05-12T15:17:10.268164+00:00,['MISSING_RELATIVE_RANK_MODEL']
RUN-6ABC01DC|357580.KQ|2026-04-10|4.0,close_to_close_shadow_v1,357580.KQ,아모센스,KOSDAQ,SWING,RUN-6ABC01DC,4,EXCEPTION_LEADER,exception_leader,2026-04-10T03:10:55.263312+00:00,2026-04-10,close_proxy,15820.0,10.0,-10.0,3,2.0,TAKE_PROFIT_CLOSE_PROXY,CLOSED,10.0,10.0,0.0,0.0,,,,74997,2026-05-12T15:17:10.268173+00:00,['MISSING_RELATIVE_RANK_MODEL']
RUN-BBD4B605|277810.KQ|2026-04-10|5.0,close_to_close_shadow_v1,277810.KQ,레인보우로보틱스,KOSDAQ,SWING,RUN-BBD4B605,5,EXCEPTION_LEADER,exception_leader,2026-04-10T02:47:13.42319+00:00,2026-04-10,close_proxy,589000.0,10.0,-10.0,3,3.0,TIME_EXIT,CLOSED,3.735144,3.735144,0.0,0.0,,,,74996,2026-05-12T15:17:10.268182+00:00,['MISSING_RELATIVE_RANK_MODEL']
RUN-C2AFCEF6|347700.KQ|2026-04-10|5.0,close_to_close_shadow_v1,347700.KQ,스피어,KOSDAQ,SWING,RUN-C2AFCEF6,5,EXCEPTION_LEADER,exception_leader,2026-04-09T17:17:33.622155+00:00,2026-04-10,close_proxy,39450.0,10.0,-10.0,3,2.0,TAKE_PROFIT_CLOSE_PROXY,CLOSED,10.0,10.0,0.0,0.0,,,,75390,2026-05-12T15:17:10.268193+00:00,['MISSING_RELATIVE_RANK_MODEL']
RUN-605EC1F8|440110.KQ|2026-04-13|1.0,close_to_close_shadow_v1,440110.KQ,파두,KOSDAQ,SWING,RUN-605EC1F8,1,WATCHLIST_ONLY,watchlist,2026-04-13T03:29:00.114287+00:00,2026-04-13,close_proxy,57100.0,10.0,-10.0,3,3.0,TIME_EXIT,CLOSED,0.875657,0.875657,0.0,0.0,,,,34295,2026-05-12T15:17:10.268202+00:00,['MISSING_RELATIVE_RANK_MODEL']
RUN-605EC1F8|042370.KQ|2026-04-13|2.0,close_to_close_shadow_v1,042370.KQ,비츠로테크,KOSDAQ,SWING,RUN-605EC1F8,2,WATCHLIST_ONLY,watchlist,2026-04-13T03:29:00.114287+00:00,2026-04-13,close_proxy,12420.0,10.0,-10.0,3,2.0,TAKE_PROFIT_CLOSE_PROXY,CLOSED,10.0,10.0,0.0,0.0,,,,37771,2026-05-12T15:17:10.268211+00:00,['MISSING_RELATIVE_RANK_MODEL']
RUN-28288C12|058470.KQ|2026-04-14|1.0,close_to_close_shadow_v1,058470.KQ,리노공업,KOSDAQ,SWING,RUN-28288C12,1,EXCEPTION_LEADER,exception_leader,2026-04-13T16:56:17.417712+00:00,2026-04-14,close_proxy,111600.0,10.0,-10.0,3,3.0,TIME_EXIT,CLOSED,3.315412,3.315412,0.0,0.0,,,,69883,2026-05-12T15:17:10.268220+00:00,['MISSING_RELATIVE_RANK_MODEL']
RUN-362AD61D|357580.KQ|2026-04-14|1.0,close_to_close_shadow_v1,357580.KQ,아모센스,KOSDAQ,SWING,RUN-362AD61D,1,EXCEPTION_LEADER,exception_leader,2026-04-14T13:11:57.002574+00:00,2026-04-14,close_proxy,17530.0,10.0,-10.0,3,3.0,TIME_EXIT,CLOSED,4.848831,4.848831,0.0,0.0,,,,70099,2026-05-12T15:17:10.268229+00:00,['MISSING_RELATIVE_RANK_MODEL']
RUN-362AD61D|058470.KQ|2026-04-14|2.0,close_to_close_shadow_v1,058470.KQ,리노공업,KOSDAQ,SWING,RUN-362AD61D,2,EXCEPTION_LEADER,exception_leader,2026-04-14T13:11:57.002574+00:00,2026-04-14,close_proxy,111600.0,10.0,-10.0,3,3.0,TIME_EXIT,CLOSED,3.315412,3.315412,0.0,0.0,,,,70100,2026-05-12T15:17:10.268238+00:00,['MISSING_RELATIVE_RANK_MODEL']
RUN-28288C12|357580.KQ|2026-04-14|2.0,close_to_close_shadow_v1,357580.KQ,아모센스,KOSDAQ,SWING,RUN-28288C12,2,EXCEPTION_LEADER,exception_leader,2026-04-13T16:56:17.417712+00:00,2026-04-14,close_proxy,17530.0,10.0,-10.0,3,3.0,TIME_EXIT,CLOSED,4.848831,4.848831,0.0,0.0,,,,69884,2026-05-12T15:17:10.268247+00:00,['MISSING_RELATIVE_RANK_MODEL']
RUN-28288C12|086520.KQ|2026-04-14|3.0,close_to_close_shadow_v1,086520.KQ,에코프로,KOSDAQ,SWING,RUN-28288C12,3,EXCEPTION_LEADER,exception_leader,2026-04-13T16:56:17.417712+00:00,2026-04-14,close_proxy,144200.0,10.0,-10.0,3,3.0,TIME_EXIT,CLOSED,5.339806,5.339806,0.0,0.0,,,,69885,2026-05-12T15:17:10.268257+00:00,['MISSING_RELATIVE_RANK_MODEL']
RUN-362AD61D|277810.KQ|2026-04-14|3.0,close_to_close_shadow_v1,277810.KQ,레인보우로보틱스,KOSDAQ,SWING,RUN-362AD61D,3,EXCEPTION_LEADER,exception_leader,2026-04-14T13:11:57.002574+00:00,2026-04-14,close_proxy,603000.0,10.0,-10.0,3,3.0,TIME_EXIT,CLOSED,1.99005,1.99005,0.0,0.0,,,,70101,2026-05-12T15:17:10.268266+00:00,['MISSING_RELATIVE_RANK_MODEL']
RUN-362AD61D|086520.KQ|2026-04-14|4.0,close_to_close_shadow_v1,086520.KQ,에코프로,KOSDAQ,SWING,RUN-362AD61D,4,EXCEPTION_LEADER,exception_leader,2026-04-14T13:11:57.002574+00:00,2026-04-14,close_proxy,144200.0,10.0,-10.0,3,3.0,TIME_EXIT,CLOSED,5.339806,5.339806,0.0,0.0,,,,70102,2026-05-12T15:17:10.268275+00:00,['MISSING_RELATIVE_RANK_MODEL']
RUN-28288C12|277810.KQ|2026-04-14|4.0,close_to_close_shadow_v1,277810.KQ,레인보우로보틱스,KOSDAQ,SWING,RUN-28288C12,4,EXCEPTION_LEADER,exception_leader,2026-04-13T16:56:17.417712+00:00,2026-04-14,close_proxy,603000.0,10.0,-10.0,3,3.0,TIME_EXIT,CLOSED,1.99005,1.99005,0.0,0.0,,,,69886,2026-05-12T15:17:10.268284+00:00,['MISSING_RELATIVE_RANK_MODEL']
RUN-28288C12|000250.KQ|2026-04-14|5.0,close_to_close_shadow_v1,000250.KQ,삼천당제약,KOSDAQ,SWING,RUN-28288C12,5,EXCEPTION_LEADER,exception_leader,2026-04-13T16:56:17.417712+00:00,2026-04-14,close_proxy,520000.0,10.0,-10.0,3,3.0,TIME_EXIT,CLOSED,-6.634615,-6.634615,0.0,0.0,,,,69887,2026-05-12T15:17:10.268298+00:00,['MISSING_RELATIVE_RANK_MODEL']
RUN-362AD61D|060250.KQ|2026-04-14|5.0,close_to_close_shadow_v1,060250.KQ,NHN KCP,KOSDAQ,SWING,RUN-362AD61D,5,EXCEPTION_LEADER,exception_leader,2026-04-14T13:11:57.002574+00:00,2026-04-14,close_proxy,18270.0,10.0,-10.0,3,2.0,TAKE_PROFIT_CLOSE_PROXY,CLOSED,10.0,10.0,0.0,0.0,,,,71738,2026-05-12T15:17:10.268308+00:00,['MISSING_RELATIVE_RANK_MODEL']
RUN-58F093F2|058470.KQ|2026-04-16|1.0,close_to_close_shadow_v1,058470.KQ,리노공업,KOSDAQ,SWING,RUN-58F093F2,1,EXCEPTION_LEADER,exception_leader,2026-04-15T17:20:45.200286+00:00,2026-04-16,close_proxy,115000.0,10.0,-10.0,3,3.0,TIME_EXIT,CLOSED,3.043478,3.043478,0.0,0.0,,,,63832,2026-05-12T15:17:10.268317+00:00,['MISSING_RELATIVE_RANK_MODEL']
RUN-EDDA7812|058470.KQ|2026-04-16|1.0,close_to_close_shadow_v1,058470.KQ,리노공업,KOSDAQ,SWING,RUN-EDDA7812,1,EXCEPTION_LEADER,exception_leader,2026-04-16T07:26:47.595933+00:00,2026-04-16,close_proxy,115000.0,10.0,-10.0,1,1.0,TIME_EXIT,CLOSED,0.26087,0.26087,0.0,0.0,,,,75743,2026-05-12T15:17:10.268327+00:00,['MISSING_RELATIVE_RANK_MODEL']
RUN-EDDA7812|357580.KQ|2026-04-16|2.0,close_to_close_shadow_v1,357580.KQ,아모센스,KOSDAQ,SWING,RUN-EDDA7812,2,EXCEPTION_LEADER,exception_leader,2026-04-16T07:26:47.595933+00:00,2026-04-16,close_proxy,18540.0,10.0,-10.0,1,1.0,TIME_EXIT,CLOSED,-0.862999,-0.862999,0.0,0.0,,,,75744,2026-05-12T15:17:10.268337+00:00,['MISSING_RELATIVE_RANK_MODEL']
RUN-58F093F2|417840.KQ|2026-04-16|2.0,close_to_close_shadow_v1,417840.KQ,저스템,KOSDAQ,SWING,RUN-58F093F2,2,EXCEPTION_LEADER,exception_leader,2026-04-15T17:20:45.200286+00:00,2026-04-16,close_proxy,11020.0,10.0,-10.0,1,1.0,TIME_EXIT,CLOSED,-3.629764,-3.629764,0.0,0.0,,,,67527,2026-05-12T15:17:10.268347+00:00,['MISSING_RELATIVE_RANK_MODEL']
RUN-58F093F2|086520.KQ|2026-04-16|3.0,close_to_close_shadow_v1,086520.KQ,에코프로,KOSDAQ,SWING,RUN-58F093F2,3,EXCEPTION_LEADER,exception_leader,2026-04-15T17:20:45.200286+00:00,2026-04-16,close_proxy,149200.0,10.0,-10.0,1,1.0,TIME_EXIT,CLOSED,1.809651,1.809651,0.0,0.0,,,,67528,2026-05-12T15:17:10.268357+00:00,['MISSING_RELATIVE_RANK_MODEL']
RUN-EDDA7812|417840.KQ|2026-04-16|3.0,close_to_close_shadow_v1,417840.KQ,저스템,KOSDAQ,SWING,RUN-EDDA7812,3,EXCEPTION_LEADER,exception_leader,2026-04-16T07:26:47.595933+00:00,2026-04-16,close_proxy,11020.0,10.0,-10.0,1,1.0,TIME_EXIT,CLOSED,-3.629764,-3.629764,0.0,0.0,,,,75745,2026-05-12T15:17:10.268367+00:00,['MISSING_RELATIVE_RANK_MODEL']
RUN-58F093F2|060250.KQ|2026-04-16|4.0,close_to_close_shadow_v1,060250.KQ,NHN KCP,KOSDAQ,SWING,RUN-58F093F2,4,EXCEPTION_LEADER,exception_leader,2026-04-15T17:20:45.200286+00:00,2026-04-16,close_proxy,21000.0,10.0,-10.0,1,1.0,TIME_EXIT,CLOSED,-2.857143,-2.857143,0.0,0.0,,,,67529,2026-05-12T15:17:10.268376+00:00,['MISSING_RELATIVE_RANK_MODEL']
RUN-EDDA7812|086520.KQ|2026-04-16|4.0,close_to_close_shadow_v1,086520.KQ,에코프로,KOSDAQ,SWING,RUN-EDDA7812,4,EXCEPTION_LEADER,exception_leader,2026-04-16T07:26:47.595933+00:00,2026-04-16,close_proxy,149200.0,10.0,-10.0,3,3.0,TIME_EXIT,CLOSED,9.718499,9.718499,0.0,0.0,,,,75746,2026-05-12T15:17:10.268386+00:00,['MISSING_RELATIVE_RANK_MODEL']
RUN-58F093F2|000250.KQ|2026-04-16|5.0,close_to_close_shadow_v1,000250.KQ,삼천당제약,KOSDAQ,SWING,RUN-58F093F2,5,EXCEPTION_LEADER,exception_leader,2026-04-15T17:20:45.200286+00:00,2026-04-16,close_proxy,505000.0,10.0,-10.0,1,1.0,TIME_EXIT,CLOSED,-3.861386,-3.861386,0.0,0.0,,,,67530,2026-05-12T15:17:10.268396+00:00,['MISSING_RELATIVE_RANK_MODEL']
RUN-EDDA7812|060250.KQ|2026-04-16|5.0,close_to_close_shadow_v1,060250.KQ,NHN KCP,KOSDAQ,SWING,RUN-EDDA7812,5,EXCEPTION_LEADER,exception_leader,2026-04-16T07:26:47.595933+00:00,2026-04-16,close_proxy,21000.0,10.0,-10.0,1,1.0,TIME_EXIT,CLOSED,-2.857143,-2.857143,0.0,0.0,,,,75747,2026-05-12T15:17:10.268406+00:00,['MISSING_RELATIVE_RANK_MODEL']
RUN-AC4285F3|058470.KQ|2026-04-21|1.0,close_to_close_shadow_v1,058470.KQ,리노공업,KOSDAQ,SWING,RUN-AC4285F3,1,EXCEPTION_LEADER,exception_leader,2026-04-20T19:19:21.492978+00:00,2026-04-21,close_proxy,118500.0,10.0,-10.0,1,1.0,TIME_EXIT,CLOSED,1.434599,1.434599,0.0,0.0,,,,56327,2026-05-12T15:17:10.268416+00:00,['MISSING_RELATIVE_RANK_MODEL']
RUN-EAEB7D67|058470.KQ|2026-04-21|1.0,close_to_close_shadow_v1,058470.KQ,리노공업,KOSDAQ,SWING,RUN-EAEB7D67,1,EXCEPTION_LEADER,exception_leader,2026-04-21T08:07:43.456879+00:00,2026-04-21,close_proxy,118500.0,10.0,-10.0,3,3.0,TIME_EXIT,CLOSED,4.978903,4.978903,0.0,0.0,,,,75636,2026-05-12T15:17:10.268427+00:00,['MISSING_RELATIVE_RANK_MODEL']
RUN-AC4285F3|086520.KQ|2026-04-21|2.0,close_to_close_shadow_v1,086520.KQ,에코프로,KOSDAQ,SWING,RUN-AC4285F3,2,EXCEPTION_LEADER,exception_leader,2026-04-20T19:19:21.492978+00:00,2026-04-21,close_proxy,163700.0,10.0,-10.0,3,3.0,TIME_EXIT,CLOSED,-4.337202,-4.337202,0.0,0.0,,,,56328,2026-05-12T15:17:10.268437+00:00,['MISSING_RELATIVE_RANK_MODEL']
RUN-EAEB7D67|417840.KQ|2026-04-21|2.0,close_to_close_shadow_v1,417840.KQ,저스템,KOSDAQ,SWING,RUN-EAEB7D67,2,EXCEPTION_LEADER,exception_leader,2026-04-21T08:07:43.456879+00:00,2026-04-21,close_proxy,11020.0,10.0,-10.0,3,1.0,TAKE_PROFIT_CLOSE_PROXY,CLOSED,10.0,10.0,0.0,0.0,,,,75637,2026-05-12T15:17:10.268447+00:00,['MISSING_RELATIVE_RANK_MODEL']
RUN-AC4285F3|000250.KQ|2026-04-21|3.0,close_to_close_shadow_v1,000250.KQ,삼천당제약,KOSDAQ,SWING,RUN-AC4285F3,3,EXCEPTION_LEADER,exception_leader,2026-04-20T19:19:21.492978+00:00,2026-04-21,close_proxy,475500.0,10.0,-10.0,3,1.0,STOP_LOSS_CLOSE_PROXY,CLOSED,-10.0,-10.0,0.0,0.0,,,,56329,2026-05-12T15:17:10.268457+00:00,['MISSING_RELATIVE_RANK_MODEL']
RUN-EAEB7D67|086520.KQ|2026-04-21|3.0,close_to_close_shadow_v1,086520.KQ,에코프로,KOSDAQ,SWING,RUN-EAEB7D67,3,EXCEPTION_LEADER,exception_leader,2026-04-21T08:07:43.456879+00:00,2026-04-21,close_proxy,163700.0,10.0,-10.0,3,3.0,TIME_EXIT,CLOSED,-4.337202,-4.337202,0.0,0.0,,,,75638,2026-05-12T15:17:10.268467+00:00,['MISSING_RELATIVE_RANK_MODEL']
RUN-AC4285F3|277810.KQ|2026-04-21|4.0,close_to_close_shadow_v1,277810.KQ,레인보우로보틱스,KOSDAQ,SWING,RUN-AC4285F3,4,EXCEPTION_LEADER,exception_leader,2026-04-20T19:19:21.492978+00:00,2026-04-21,close_proxy,601000.0,10.0,-10.0,3,3.0,TIME_EXIT,CLOSED,1.830283,1.830283,0.0,0.0,,,,56330,2026-05-12T15:17:10.268477+00:00,['MISSING_RELATIVE_RANK_MODEL']
RUN-EAEB7D67|357580.KQ|2026-04-21|4.0,close_to_close_shadow_v1,357580.KQ,아모센스,KOSDAQ,SWING,RUN-EAEB7D67,4,EXCEPTION_LEADER,exception_leader,2026-04-21T08:07:43.456879+00:00,2026-04-21,close_proxy,17630.0,10.0,-10.0,3,3.0,TAKE_PROFIT_CLOSE_PROXY,CLOSED,10.0,10.0,0.0,0.0,,,,75639,2026-05-12T15:17:10.268487+00:00,['MISSING_RELATIVE_RANK_MODEL']
RUN-AC4285F3|028300.KQ|2026-04-21|5.0,close_to_close_shadow_v1,028300.KQ,HLB,KOSDAQ,SWING,RUN-AC4285F3,5,EXCEPTION_LEADER,exception_leader,2026-04-20T19:19:21.492978+00:00,2026-04-21,close_proxy,62400.0,10.0,-10.0,3,3.0,TIME_EXIT,CLOSED,-3.525641,-3.525641,0.0,0.0,,,,56322,2026-05-12T15:17:10.268497+00:00,['MISSING_RELATIVE_RANK_MODEL']
RUN-EAEB7D67|383310.KQ|2026-04-21|5.0,close_to_close_shadow_v1,383310.KQ,에코프로에이치엔,KOSDAQ,SWING,RUN-EAEB7D67,5,EXCEPTION_LEADER,exception_leader,2026-04-21T08:07:43.456879+00:00,2026-04-21,close_proxy,33550.0,10.0,-10.0,3,3.0,TIME_EXIT,CLOSED,-3.129657,-3.129657,0.0,0.0,,,,75640,2026-05-12T15:17:10.268506+00:00,['MISSING_RELATIVE_RANK_MODEL']
RUN-EEA1400F|058470.KQ|2026-04-22|1.0,close_to_close_shadow_v1,058470.KQ,리노공업,KOSDAQ,SWING,RUN-EEA1400F,1,EXCEPTION_LEADER,exception_leader,2026-04-22T09:13:10.559416+00:00,2026-04-22,close_proxy,120200.0,10.0,-10.0,3,3.0,TIME_EXIT,CLOSED,-8.652246,-8.652246,0.0,0.0,,,,75737,2026-05-12T15:17:10.268516+00:00,['MISSING_RELATIVE_RANK_MODEL']
RUN-EEA1400F|059090.KQ|2026-04-22|2.0,close_to_close_shadow_v1,059090.KQ,미코,KOSDAQ,SWING,RUN-EEA1400F,2,EXCEPTION_LEADER,exception_leader,2026-04-22T09:13:10.559416+00:00,2026-04-22,close_proxy,21100.0,10.0,-10.0,1,1.0,TIME_EXIT,CLOSED,-2.369668,-2.369668,0.0,0.0,,,,59608,2026-05-12T15:17:10.268526+00:00,['MISSING_RELATIVE_RANK_MODEL']
RUN-EEA1400F|417840.KQ|2026-04-22|3.0,close_to_close_shadow_v1,417840.KQ,저스템,KOSDAQ,SWING,RUN-EEA1400F,3,EXCEPTION_LEADER,exception_leader,2026-04-22T09:13:10.559416+00:00,2026-04-22,close_proxy,12260.0,10.0,-10.0,3,3.0,TIME_EXIT,CLOSED,-1.712887,-1.712887,0.0,0.0,,,,75738,2026-05-12T15:17:10.268536+00:00,['MISSING_RELATIVE_RANK_MODEL']
RUN-EEA1400F|357580.KQ|2026-04-22|4.0,close_to_close_shadow_v1,357580.KQ,아모센스,KOSDAQ,SWING,RUN-EEA1400F,4,EXCEPTION_LEADER,exception_leader,2026-04-22T09:13:10.559416+00:00,2026-04-22,close_proxy,18410.0,10.0,-10.0,3,2.0,TAKE_PROFIT_CLOSE_PROXY,CLOSED,10.0,10.0,0.0,0.0,,,,75739,2026-05-12T15:17:10.268550+00:00,['MISSING_RELATIVE_RANK_MODEL']
RUN-EEA1400F|086520.KQ|2026-04-22|5.0,close_to_close_shadow_v1,086520.KQ,에코프로,KOSDAQ,SWING,RUN-EEA1400F,5,EXCEPTION_LEADER,exception_leader,2026-04-22T09:13:10.559416+00:00,2026-04-22,close_proxy,164300.0,10.0,-10.0,3,3.0,TIME_EXIT,CLOSED,-4.808278,-4.808278,0.0,0.0,,,,75740,2026-05-12T15:17:10.268560+00:00,['MISSING_RELATIVE_RANK_MODEL']
RUN-B8A7FAA3|058470.KQ|2026-04-23|1.0,close_to_close_shadow_v1,058470.KQ,리노공업,KOSDAQ,SWING,RUN-B8A7FAA3,1,EXCEPTION_LEADER,exception_leader,2026-04-23T01:29:01.047462+00:00,2026-04-23,close_proxy,123300.0,10.0,-10.0,3,2.0,STOP_LOSS_CLOSE_PROXY,CLOSED,-10.0,-10.0,0.0,0.0,,,,75455,2026-05-12T15:17:10.268570+00:00,['MISSING_RELATIVE_RANK_MODEL']
RUN-B8A7FAA3|059090.KQ|2026-04-23|2.0,close_to_close_shadow_v1,059090.KQ,미코,KOSDAQ,SWING,RUN-B8A7FAA3,2,EXCEPTION_LEADER,exception_leader,2026-04-23T01:29:01.047462+00:00,2026-04-23,close_proxy,20600.0,10.0,-10.0,3,3.0,TIME_EXIT,CLOSED,2.669903,2.669903,0.0,0.0,,,,75456,2026-05-12T15:17:10.268580+00:00,['MISSING_RELATIVE_RANK_MODEL']
RUN-B8A7FAA3|086520.KQ|2026-04-23|3.0,close_to_close_shadow_v1,086520.KQ,에코프로,KOSDAQ,SWING,RUN-B8A7FAA3,3,EXCEPTION_LEADER,exception_leader,2026-04-23T01:29:01.047462+00:00,2026-04-23,close_proxy,157200.0,10.0,-10.0,3,3.0,TIME_EXIT,CLOSED,2.735369,2.735369,0.0,0.0,,,,75459,2026-05-12T15:17:10.268590+00:00,['MISSING_RELATIVE_RANK_MODEL']
RUN-B8A7FAA3|277810.KQ|2026-04-23|4.0,close_to_close_shadow_v1,277810.KQ,레인보우로보틱스,KOSDAQ,SWING,RUN-B8A7FAA3,4,EXCEPTION_LEADER,exception_leader,2026-04-23T01:29:01.047462+00:00,2026-04-23,close_proxy,600000.0,10.0,-10.0,3,2.0,TAKE_PROFIT_CLOSE_PROXY,CLOSED,10.0,10.0,0.0,0.0,,,,75368,2026-05-12T15:17:10.268600+00:00,['MISSING_RELATIVE_RANK_MODEL']
RUN-B8A7FAA3|357580.KQ|2026-04-23|5.0,close_to_close_shadow_v1,357580.KQ,아모센스,KOSDAQ,SWING,RUN-B8A7FAA3,5,EXCEPTION_LEADER,exception_leader,2026-04-23T01:29:01.047462+00:00,2026-04-23,close_proxy,19380.0,10.0,-10.0,3,1.0,TAKE_PROFIT_CLOSE_PROXY,CLOSED,10.0,10.0,0.0,0.0,,,,75457,2026-05-12T15:17:10.268609+00:00,['MISSING_RELATIVE_RANK_MODEL']
RUN-DE564B3B|060250.KQ|2026-04-24|4.0,close_to_close_shadow_v1,060250.KQ,NHN KCP,KOSDAQ,SWING,RUN-DE564B3B,4,EXCEPTION_LEADER,exception_leader,2026-04-23T15:55:09.530545+00:00,2026-04-24,close_proxy,20050.0,10.0,-10.0,3,3.0,TIME_EXIT,CLOSED,0.498753,0.498753,0.0,0.0,,,,75458,2026-05-12T15:17:10.268619+00:00,['MISSING_RELATIVE_RANK_MODEL']
RUN-77C31BE0|050890.KQ|2026-05-07|1.0,close_to_close_shadow_v1,050890.KQ,쏠리드,KOSDAQ,SWING,RUN-77C31BE0,1,WATCHLIST_ONLY,watchlist,2026-05-07T00:56:20.255016+00:00,2026-05-07,close_proxy,18850.0,10.0,-10.0,1,1.0,TIME_EXIT,CLOSED,-3.448276,-3.448276,0.0,0.0,,,,78406,2026-05-12T15:17:10.268629+00:00,['MISSING_RELATIVE_RANK_MODEL']
RUN-77C31BE0|327260.KQ|2026-05-07|2.0,close_to_close_shadow_v1,327260.KQ,RF머트리얼즈,KOSDAQ,SWING,RUN-77C31BE0,2,WATCHLIST_ONLY,watchlist,2026-05-07T00:56:20.255016+00:00,2026-05-07,close_proxy,119500.0,10.0,-10.0,1,1.0,TIME_EXIT,CLOSED,-4.937238,-4.937238,0.0,0.0,,,,78408,2026-05-12T15:17:10.268638+00:00,['MISSING_RELATIVE_RANK_MODEL']
RUN-77C31BE0|322310.KQ|2026-05-07|3.0,close_to_close_shadow_v1,322310.KQ,오로스테크놀로지,KOSDAQ,SWING,RUN-77C31BE0,3,WATCHLIST_ONLY,watchlist,2026-05-07T00:56:20.255016+00:00,2026-05-07,close_proxy,39500.0,10.0,-10.0,1,1.0,STOP_LOSS_CLOSE_PROXY,CLOSED,-10.0,-10.0,0.0,0.0,,,,78383,2026-05-12T15:17:10.268647+00:00,['MISSING_RELATIVE_RANK_MODEL']
RUN-77C31BE0|388050.KQ|2026-05-07|4.0,close_to_close_shadow_v1,388050.KQ,지투파워,KOSDAQ,SWING,RUN-77C31BE0,4,WATCHLIST_ONLY,watchlist,2026-05-07T00:56:20.255016+00:00,2026-05-07,close_proxy,15970.0,10.0,-10.0,1,1.0,TIME_EXIT,CLOSED,-4.257984,-4.257984,0.0,0.0,,,,78157,2026-05-12T15:17:10.268656+00:00,['MISSING_RELATIVE_RANK_MODEL']
RUN-77C31BE0|102120.KQ|2026-05-07|5.0,close_to_close_shadow_v1,102120.KQ,어보브반도체,KOSDAQ,SWING,RUN-77C31BE0,5,WATCHLIST_ONLY,watchlist,2026-05-07T00:56:20.255016+00:00,2026-05-07,close_proxy,14550.0,10.0,-10.0,1,1.0,TIME_EXIT,CLOSED,-0.893471,-0.893471,0.0,0.0,,,,78381,2026-05-12T15:17:10.268666+00:00,['MISSING_RELATIVE_RANK_MODEL']
RUN-3CB985B5|199800.KQ|2026-05-12|1.0,close_to_close_shadow_v1,199800.KQ,툴젠,KOSDAQ,SWING,RUN-3CB985B5,1,WATCHLIST_ONLY,watchlist,2026-05-12T05:28:46.915632+00:00,2026-05-12,close_proxy,138700.0,15.0,-10.0,5,,NO_REALIZED_RETURN,UNRESOLVED,,,0.0,0.0,54.7881,34.872,kosdaq_floor_win_relative_v5,93472,2026-05-12T15:17:10.268674+00:00,['NO_RETURN_WITHIN_HOLD']
RUN-3CB985B5|241520.KQ||5.0,close_to_close_shadow_v1,241520.KQ,DSC인베스트먼트,KOSDAQ,SWING,RUN-3CB985B5,5,EXCEPTION_LEADER,exception_leader,2026-05-12T05:28:46.915632+00:00,,close_proxy,15090.0,10.0,-10.0,3,,NO_REALIZED_RETURN,UNRESOLVED,,,0.0,0.0,,9.144,,93484,2026-05-12T15:17:10.268682+00:00,"['NO_RETURN_WITHIN_HOLD', 'MISSING_RELATIVE_RANK_MODEL']"
